<?xml version="1.0" encoding="UTF-8"?>
<project-private xmlns="http://www.netbeans.org/ns/project-private/1">
    <editor-bookmarks xmlns="http://www.netbeans.org/ns/editor-bookmarks/2" lastBookmarkId="0"/>
    <open-files xmlns="http://www.netbeans.org/ns/projectui-open-files/2">
        <group>
            <file>file:/C:/Users/Roronoa%20Zoro/Desktop/Mp03/UF1/UF2Pt1AngelGuerrero/src/codifont/Practica1.java</file>
        </group>
        <group name="UF1">
            <file>file:/C:/Users/Roronoa%20Zoro/Desktop/Mp03/UF1/UF2Pt1AngelGuerrero/src/codifont/Practica1.java</file>
        </group>
        <group name="UF2">
            <file>file:/C:/Users/Roronoa%20Zoro/Desktop/Mp03/UF1/UF2Pt1AngelGuerrero/src/codifont/Practica1.java</file>
        </group>
    </open-files>
</project-private>
